"address_1","address_2","address_county","address_country","address_postcode","address_area_name","address_town","business_type","company_number","created_on","description","duns_number","export_experience","global_headquarters_id","global_ultimate_duns_number","headquarter_type","id","modified_on","name","number_of_employees","one_list_tier","registered_address_1","registered_address_2","registered_address_country","registered_address_county","registered_address_postcode","registered_address_area_name","registered_address_town","sector","export_segment","export_sub_segment","trading_names","turnover","turnover_usd","turnover_gbp","uk_region","website","is_out_of_business","strategy","source"
"280 Main Street",,"Greater Manchester","United Kingdom","CG4 9TA",,"BIRMINGHAM","Company",,2024-10-12,"Anonymised company record 1.",271432881,,,,"ukhq","df27f8a4-6341-4571-82a4-94732d23eca5","2025-10-24 03:43:54","VERTEX NIMBUS INDUSTRIES",,"Tier D - International Trade Adviser Accounts","280 Main Street","Suite 18","United Kingdom","Greater Manchester","CG4 9TA",,"BIRMINGHAM","Education and training : Educational technology","non-hep","promote_develop_export_capability","{}",,,,"London","https://www.vertexnimbusindust.example.com","false",,
"36 Station Road","Unit 50","West Yorkshire","United Kingdom","HD7 5OU",,"BELFAST","Company",85225343,2026-01-10,"Anonymised company record 2.",882893941,,,596348124,"ukhq","609cde46-1314-4089-b2c7-d3fb683e16bf","2026-11-01 07:00:03","VERTEX REDSTONE LIMITED",,"Tier D - International Trade Adviser Accounts","84 Mill Lane",,"United Kingdom","West Yorkshire","HD7 5OU",,"BELFAST","Agriculture, horticulture, fisheries and pets","hep","sustain_nurture_and_grow","{}",,,,"West Midlands","https://www.vertexredstonelimi.example.com","false",,
"203 George Street",,"Leicestershire","United Kingdom","XR9 5XS",,"EDINBURGH","Company",6323852,2025-03-11,"Anonymised company record 3.",,,,271779360,"ukhq","57dd8978-92e0-42c0-965a-7ab302be904b","2026-02-09 18:10:35","EVERGREEN PIONEER HOLDINGS",3157,"Tier C - FDI Sector Advisory Services Team Accounts","203 George Street",,"United Kingdom","South Yorkshire","XR9 5XS",,"EDINBURGH","Financial and professional services : Capital markets : Venture capital","hep","sustain_nurture_and_grow","{}",,,,"East of England","https://www.evergreenpioneerho.example.com","false",,
"135 Victoria Road",,"Oxfordshire","United Kingdom","UQ4 3LY",,"GLASGOW","Company",41273847,2024-11-19,"Anonymised company record 4.",358633898,,,,"ukhq","523eb707-c378-4c46-925d-4381a6f0dc86","2025-07-09 00:07:05","EVERGREEN BLUEFIN LIMITED",,"Tier C - FDI Sector Advisory Services Team Accounts","135 Victoria Road","Suite 17","United Kingdom","Oxfordshire","UQ4 3LY",,"NEWCASTLE","Advanced engineering","hep","promote_develop_export_capability","{}",,,,"Northern Ireland","https://www.evergreenbluefinli.example.com","false",,
"192 George Street","Unit 29","Leicestershire","United Kingdom","HC6 1SR",,"GLASGOW","Company",,2026-03-28,"Anonymised company record 5.",,,,355555531,"ukhq","7f535d50-fa98-475b-be46-1f763b4398e5","2027-03-06 23:39:40","COBALT CRESCENT HOLDINGS",,"Tier C - FDI Sector Advisory Services Team Accounts","192 George Street",,"United Kingdom","Leicestershire","HC6 1SR",,"GLASGOW","Energy : Civil nuclear","non-hep","promote_develop_export_capability","{}",,,,"West Midlands","https://www.cobaltcrescenthold.example.com","false",,
"51 Station Road",,"Merseyside","United Kingdom","HG4 9OE",,"NEWCASTLE","Company",,2024-04-20,"Anonymised company record 6.",,,,621453189,"ukhq","93bc93d2-66de-448c-8ccb-8bd3db0dc6d2","2025-03-30 23:47:29","IRONCLAD AURORA SOLUTIONS",,"Tier C - FDI Sector Advisory Services Team Accounts","51 Station Road",,"United Kingdom","Essex","RD1 9AC",,"NEWCASTLE","Energy","non-hep","promote_develop_export_capability","{}",,,,"Yorkshire and The Humber","https://www.ironcladaurorasolu.example.com","false",,
"278 Station Road","Unit 4","Berkshire","United Kingdom","QQ3 1QC",,"BIRMINGHAM","Company",70166708,2025-03-21,"Anonymised company record 7.",379995032,,,869005091,"ukhq","97d4e316-7f06-4026-9e02-14f276f5625e","2025-04-19 21:05:14","CRESCENT MARIGOLD GROUP",1077,"Tier D - International Trade Adviser Accounts","36 Main Street",,"United Kingdom","Berkshire","HS1 2NV",,"BIRMINGHAM","Financial and professional services : Business and consumer services","hep","sustain_nurture_and_grow","{}",,,,"West Midlands","https://www.crescentmarigoldgr.example.com","false",,
"279 Kingsway","Unit 42","Greater Manchester","United Kingdom","VR5 2EI",,"READING","Company",27326368,2025-08-06,"Anonymised company record 8.",383450553,,,,"ukhq","99dd367e-9fcd-4c05-ab0d-2e0413e735f0","2025-10-25 15:57:13","HARBOUR AURORA LIMITED",3474,"Tier C - FDI Sector Advisory Services Team Accounts","279 Kingsway",,"United Kingdom","Greater Manchester","VR5 2EI",,"READING","Education and training : Educational technology","non-hep","sustain_nurture_and_grow","{}",,,,"East of England","https://www.harbourauroralimit.example.com","false",,
"283 Park Road",,"Oxfordshire","United Kingdom","LZ1 6GV",,"BIRMINGHAM","Company",55337219,2024-03-14,"Anonymised company record 9.",890880074,,,,"ukhq","f0d56693-c7e8-4d61-a76c-70cf96daa534","2024-09-19 21:12:30","CRESCENT NIMBUS LIMITED",2037,"Tier D - International Trade Adviser Accounts","283 Park Road",,"United Kingdom","Hampshire","XE4 3ZZ",,"BIRMINGHAM","Technology and smart cities","hep","promote_develop_export_capability","{}",,,,"South East","https://www.crescentnimbuslimi.example.com","false",,
"205 Queens Road",,"Cambridgeshire","United Kingdom","LU9 7VR",,"LEEDS","Company",58571795,2024-02-18,"Anonymised company record 10.",649136331,,,719106699,"ukhq","b5c5298a-34b9-4b8f-898b-088056784cb3","2025-01-20 07:01:53","LIGHTHOUSE AURORA INDUSTRIES",,"Tier D - International Trade Adviser Accounts","205 Queens Road",,"United Kingdom","Cambridgeshire","IB2 7LX",,"CARDIFF","Consumer and retail : Jewellery","hep","promote_develop_export_capability","{}",,,,"London","https://www.lighthouseaurorain.example.com","false",,
"152 Park Road",,"Tyne and Wear","United Kingdom","TS5 7RA",,"LEICESTER","Company",90681152,2026-04-16,"Anonymised company record 11.",608079792,,,,"ukhq","d1a1a31e-3502-4ef1-870f-9ac0493ab826","2026-09-30 14:39:03","VERTEX NORTHSTAR PARTNERS",2329,"Tier D - International Trade Adviser Accounts","152 Park Road",,"United Kingdom","Tyne and Wear","TS5 7RA",,"LEICESTER","Security","hep","sustain_nurture_and_grow","{}",,,,"South West","https://www.vertexnorthstarpar.example.com","false",,
"254 New Road",,"Merseyside","United Kingdom","YN4 3ZW",,"MANCHESTER","Company",71287314,2025-02-02,"Anonymised company record 12.",,,,,"ukhq","3913f3fb-1015-49e3-9375-d07f4e977570","2026-02-04 13:58:48","MARIGOLD JUNIPER LIMITED",4140,"Tier C - FDI Sector Advisory Services Team Accounts","254 New Road",,"United Kingdom","Essex","YN4 3ZW",,"MANCHESTER","Consumer and retail : Leisure and tourism","non-hep","promote_develop_export_capability","{}",,,,"Northern Ireland","https://www.marigoldjuniperlim.example.com","false",,
"147 Manor Road",,"West Yorkshire","United Kingdom","EE4 7WE",,"NEWCASTLE","Company",78393811,2025-07-16,"Anonymised company record 13.",,,,922050912,"ukhq","72715b89-ea23-4715-a84d-47cb44777b36","2026-02-26 02:49:15","EVERGREEN FOXGLOVE TRADING",2886,"Tier C - FDI Sector Advisory Services Team Accounts","33 York Road",,"United Kingdom","West Yorkshire","EE4 7WE",,"NEWCASTLE","Maritime : Marine engineering : Ports and terminals","hep","promote_develop_export_capability","{}",,,,"London","https://www.evergreenfoxglovet.example.com","false",,
"240 Park Road","Unit 35","Lancashire","United Kingdom","SS1 2UN",,"MANCHESTER","Company",50885459,2026-04-08,"Anonymised company record 14.",993271900,,,996478772,"ukhq","700575b0-771f-46c4-9d94-9e1b0b555a0d","2027-04-13 06:00:32","NIMBUS REDSTONE SYSTEMS",,"Tier C - FDI Sector Advisory Services Team Accounts","240 Park Road",,"United Kingdom","Lancashire","SS1 2UN",,"MANCHESTER","Pharmaceuticals and biotechnology","hep","sustain_nurture_and_grow","{}",,,,"South West","https://www.nimbusredstonesyst.example.com","false",,
"289 Green Lane",,"Surrey","United Kingdom","FT2 3JD",,"CARDIFF","Company",91839693,2026-08-27,"Anonymised company record 15.",229981882,,,,"ukhq","84e9a9ec-2a5e-4e51-8da2-ab0ac62a5b52","2027-08-04 04:09:53","NIMBUS JUNIPER GROUP",3514,"Tier C - FDI Sector Advisory Services Team Accounts","289 Green Lane","Suite 19","United Kingdom","Lancashire","GC4 2WY",,"CARDIFF","Education and training : Educational technology","non-hep","sustain_nurture_and_grow","{}",,,,"South East","https://www.nimbusjunipergroup.example.com","false",,
"248 George Street",,"Kent","United Kingdom","HC5 8HY",,"CARDIFF","Company",80014570,2025-07-07,"Anonymised company record 16.",396641124,,,,"ukhq","dd29313f-4bf1-4bda-9201-c2638b05f29d","2026-05-18 19:35:39","LIGHTHOUSE HARBOUR SOLUTIONS",3334,"Tier D - International Trade Adviser Accounts","248 George Street",,"United Kingdom","Kent","FP4 6ZI",,"CARDIFF","Healthcare services : Digital and data","non-hep","promote_develop_export_capability","{}",,,,"North East","https://www.lighthouseharbours.example.com","false",,
"272 Mill Lane",,"Surrey","United Kingdom","WO5 5IH",,"NEWCASTLE","Company",70415568,2026-01-25,"Anonymised company record 17.",207939087,,,,"ukhq","8059b084-d941-44af-87bd-fd4a04989d68","2026-09-24 20:09:04","REDSTONE SILVERLINE INDUSTRIES",,"Tier D - International Trade Adviser Accounts","272 Mill Lane",,"United Kingdom","Surrey","FG4 8IX",,"NEWCASTLE","Pharmaceuticals and biotechnology","hep","promote_develop_export_capability","{}",,,,"Wales","https://www.redstonesilverline.example.com","false",,
"175 Victoria Road","Unit 17","Merseyside","United Kingdom","CM8 2SU",,"OXFORD","Company",55857931,2026-08-19,"Anonymised company record 18.",949051496,,,,"ukhq","171403e0-93c1-4a47-a1c7-7bad9598525a","2027-04-21 16:02:13","MARIGOLD VERTEX LTD",3631,"Tier C - FDI Sector Advisory Services Team Accounts","175 Victoria Road",,"United Kingdom","Merseyside","CM8 2SU",,"BELFAST","Financial and professional services : Capital markets : Venture capital","hep","sustain_nurture_and_grow","{}",,,,"West Midlands","https://www.marigoldvertexltd.example.com","false",,
"210 George Street","Unit 31","West Midlands","United Kingdom","HJ5 8CV",,"BELFAST","Company",35652586,2024-06-02,"Anonymised company record 19.",,,,278158234,"ukhq","72fc1489-be21-41c3-97f0-0f4ba59eb6a7","2024-08-21 00:05:50","EVERGREEN PIONEER GROUP",4667,"Tier C - FDI Sector Advisory Services Team Accounts","210 George Street",,"United Kingdom","West Midlands","GN2 9HU",,"BELFAST","Education and training : Educational technology","non-hep","promote_develop_export_capability","{}",,,,"South East","https://www.evergreenpioneergr.example.com","false",,
"118 High Street","Unit 44","West Midlands","United Kingdom","YY3 8QU",,"CARDIFF","Company",46702542,2025-05-27,"Anonymised company record 20.",444733679,,,,"ukhq","f798888a-db2f-43ac-a7b7-eff662db978d","2025-06-09 03:19:30","PIONEER JUNIPER LTD",4063,"Tier C - FDI Sector Advisory Services Team Accounts","118 High Street",,"United Kingdom","West Midlands","YY3 8QU",,"BRIGHTON","Energy : Renewable energy : Marine and tidal","hep","promote_develop_export_capability","{}",,,,"East of England","https://www.pioneerjuniperltd.example.com","false",,
"97 Mill Lane","Unit 32","West Midlands","United Kingdom","GI9 3JO",,"CAMBRIDGE","Company",15228493,2026-08-04,"Anonymised company record 21.",226128312,,,,"ukhq","4ec50589-5d40-4c59-aa40-e5b8c6aa1917","2027-03-03 01:58:24","VERTEX REDSTONE PARTNERS",,"Tier C - FDI Sector Advisory Services Team Accounts","249 Church Lane",,"United Kingdom","West Midlands","JR1 9NC",,"CAMBRIDGE","Chemicals","non-hep","promote_develop_export_capability","{}",,,,"South West","https://www.vertexredstonepart.example.com","false",,
"175 London Road","Unit 19","Berkshire","United Kingdom","EO9 8LK",,"BELFAST","Company",76745380,2024-05-22,"Anonymised company record 22.",932734539,,,441639230,"ukhq","df27c8af-b949-46dc-aa81-0a25bdd9ed36","2024-10-10 15:06:27","REDSTONE COBALT INTERNATIONAL",3128,"Tier D - International Trade Adviser Accounts","175 London Road",,"United Kingdom","Berkshire","EO9 8LK",,"BELFAST","Financial and professional services","hep","sustain_nurture_and_grow","{}",,,,"South East","https://www.redstonecobaltinte.example.com","false",,
"210 Park Road",,"Kent","United Kingdom","TW7 2KV",,"CARDIFF","Company",91858555,2024-02-01,"Anonymised company record 23.",,,,,"ukhq","7a4be22e-3422-4d68-8a87-03529013f2f2","2025-02-04 05:14:54","VERTEX LIGHTHOUSE LIMITED",,"Tier C - FDI Sector Advisory Services Team Accounts","195 Queens Road",,"United Kingdom","West Midlands","TW7 2KV",,"OXFORD","Technology and smart cities : Software : Software as a service","hep","promote_develop_export_capability","{}",,,,"Yorkshire and The Humber","https://www.vertexlighthouseli.example.com","false",,
"41 New Road","Unit 16","South Yorkshire","United Kingdom","HO5 8IV",,"OXFORD","Company",51632653,2025-01-03,"Anonymised company record 24.",,,,509486794,"ukhq","71fa21fb-86e8-402e-9cc2-120b33ad308f","2025-03-31 06:22:26","IRONCLAD HARBOUR HOLDINGS",,"Tier C - FDI Sector Advisory Services Team Accounts","41 New Road","Unit 16","United Kingdom","South Yorkshire","SJ7 5OJ",,"BRISTOL","Technology and smart cities : Software : Software as a service","hep","promote_develop_export_capability","{}",,,,"Northern Ireland","https://www.ironcladharbourhol.example.com","false",,
"71 Church Lane","Unit 42","Oxfordshire","United Kingdom","ZO1 6XE",,"BIRMINGHAM","Company",49104566,2025-01-24,"Anonymised company record 25.",392624015,,,,"ukhq","9c56ca71-e665-4ebb-9775-279a0c6b9bb2","2025-12-07 09:07:30","SILVERLINE JUNIPER SYSTEMS",,"Tier C - FDI Sector Advisory Services Team Accounts","71 Church Lane",,"United Kingdom","Oxfordshire","ZO1 6XE",,"BIRMINGHAM","Consumer and retail : Jewellery","non-hep","sustain_nurture_and_grow","{}",,,,"South West","https://www.silverlinejunipers.example.com","false",,
"64 George Street",,"Lancashire","United Kingdom","UL2 4PA",,"CARDIFF","Company",94096984,2024-01-29,"Anonymised company record 26.",538404342,,,148690765,"ukhq","4370624e-ee03-426f-a2ab-4ac0fe8abcd0","2024-06-12 19:32:09","REDSTONE CRESCENT SYSTEMS",,"Tier D - International Trade Adviser Accounts","64 George Street","Suite 11","United Kingdom","Lancashire","UL2 4PA",,"SHEFFIELD","Creative industries","hep","promote_develop_export_capability","{}",,,,"Northern Ireland","https://www.redstonecrescentsy.example.com","false",,
"251 York Road","Unit 18","Surrey","United Kingdom","GO8 4LD",,"BIRMINGHAM","Company",85831286,2026-04-29,"Anonymised company record 27.",122932394,,,458102728,"ukhq","ec29246c-6066-4b1f-81a6-8cb7ec4e2081","2027-03-30 03:36:18","CRESCENT IRONCLAD INTERNATIONAL",,"Tier D - International Trade Adviser Accounts","189 Mill Lane",,"United Kingdom","Essex","GO8 4LD",,"BIRMINGHAM","Education and training : Support services","hep","promote_develop_export_capability","{}",,,,"South East","https://www.crescentironcladin.example.com","false",,
"14 Park Road",,"Kent","United Kingdom","AF5 1EX",,"SHEFFIELD","Company",60667140,2025-05-28,"Anonymised company record 28.",760465943,,,940983577,"ukhq","f5406c87-74b3-4d4d-a650-3045756d3b5e","2025-08-25 04:00:08","NIMBUS EVERGREEN GROUP",,"Tier C - FDI Sector Advisory Services Team Accounts","14 Park Road",,"United Kingdom","Kent","AF5 1EX",,"SHEFFIELD","Creative industries : Games : Development","hep","promote_develop_export_capability","{}",,,,"North East","https://www.nimbusevergreengro.example.com","false",,
"281 Queens Road",,"Oxfordshire","United Kingdom","OQ7 2ZW",,"READING","Company",57279295,2024-09-15,"Anonymised company record 29.",373685835,,,263894795,"ukhq","98764d9f-8c22-4079-9b32-dd073c21c2cf","2025-02-02 22:43:50","PIONEER BLUEFIN INTERNATIONAL",,"Tier C - FDI Sector Advisory Services Team Accounts","281 Queens Road",,"United Kingdom","Oxfordshire","NK8 7NX",,"LIVERPOOL","Food and drink : Fruit and vegetables","hep","promote_develop_export_capability","{}",,,,"East Midlands","https://www.pioneerbluefininte.example.com","false",,
"260 Green Lane",,"Leicestershire","United Kingdom","DL9 6DY",,"OXFORD","Company",,2025-12-21,"Anonymised company record 30.",293720285,,,918630985,"ukhq","f116cec6-f905-48dc-90a3-aa181a95d7c6","2026-02-12 21:02:28","IRONCLAD OAK INDUSTRIES",,"Tier C - FDI Sector Advisory Services Team Accounts","260 Green Lane",,"United Kingdom","Leicestershire","TT9 1TV",,"OXFORD","Automotive : Manufacturing and assembly : Cars","hep","sustain_nurture_and_grow","{}",,,,"West Midlands","https://www.ironcladoakindustr.example.com","false",,
"44 Station Road",,"West Yorkshire","United Kingdom","IO7 8TO",,"BIRMINGHAM","Company",79609131,2025-10-26,"Anonymised company record 31.",816328133,,,336779871,"ukhq","704d1795-a131-42f1-b649-b14af87bebfb","2026-11-27 20:39:55","LIGHTHOUSE BLUEFIN GROUP",1679,"Tier D - International Trade Adviser Accounts","44 Station Road",,"United Kingdom","West Yorkshire","IO7 8TO",,"BIRMINGHAM","Environment : Waste management and recycling","non-hep","promote_develop_export_capability","{}",,,,"West Midlands","https://www.lighthousebluefing.example.com","false",,
"182 Main Street",,"Hampshire","United Kingdom","AO2 6SN",,"BIRMINGHAM","Company",,2025-04-16,"Anonymised company record 32.",732295732,,,184446671,"ukhq","3910fc66-bfe8-4ed4-a271-f7f55470f33b","2025-12-28 20:20:33","IRONCLAD SUMMIT GROUP",1820,"Tier D - International Trade Adviser Accounts","182 Main Street","Suite 14","United Kingdom","Hampshire","FZ8 6CN",,"BIRMINGHAM","Healthcare services","hep","sustain_nurture_and_grow","{}",,,,"North East","https://www.ironcladsummitgrou.example.com","false",,
"79 Main Street",,"Essex","United Kingdom","YS8 6UK",,"OXFORD","Company",68093604,2025-02-08,"Anonymised company record 33.",595792218,,,161085229,"ukhq","9a24462c-3f10-4963-81fc-d6bad6cf8339","2025-05-07 21:55:57","HARBOUR SILVERLINE LIMITED",744,"Tier D - International Trade Adviser Accounts","79 Main Street",,"United Kingdom","Essex","YS8 6UK",,"OXFORD","Food and drink : Fruit and vegetables","hep","promote_develop_export_capability","{}",,,,"West Midlands","https://www.harboursilverlinel.example.com","false",,
"21 Manor Road","Unit 29","Tyne and Wear","United Kingdom","LL5 7NY",,"READING","Company",91050534,2026-10-30,"Anonymised company record 34.",370578414,,,,"ukhq","3ce5d536-aee9-40eb-9da2-a52e5e77f411","2027-09-25 06:16:57","OAK LIGHTHOUSE LIMITED",,"Tier D - International Trade Adviser Accounts","21 Manor Road",,"United Kingdom","Tyne and Wear","LL5 7NY",,"READING","Advanced engineering : Mechanical, electrical and process engineering","non-hep","promote_develop_export_capability","{}",,,,"East Midlands","https://www.oaklighthouselimit.example.com","false",,
"48 York Road",,"Surrey","United Kingdom","JF4 6YP",,"MANCHESTER","Company",99139119,2025-11-03,"Anonymised company record 35.",,,,461597989,"ukhq","91e4f004-5f20-452b-ad1d-49bf11c033c0","2026-01-07 19:09:55","PIONEER NORTHSTAR PARTNERS",,"Tier D - International Trade Adviser Accounts","48 York Road","Suite 5","United Kingdom","Merseyside","JF4 6YP",,"MANCHESTER","Healthcare services","hep","promote_develop_export_capability","{}",,,,"South West","https://www.pioneernorthstarpa.example.com","false",,
"159 The Avenue","Unit 13","Essex","United Kingdom","OY5 7QQ",,"NOTTINGHAM","Company",69244185,2025-04-24,"Anonymised company record 36.",,,,919390458,"ukhq","33550981-d3b3-43ae-8fc2-48ad71432081","2026-01-22 08:42:28","LIGHTHOUSE JUNIPER INDUSTRIES",,"Tier D - International Trade Adviser Accounts","159 The Avenue",,"United Kingdom","Essex","BU8 6RD",,"NOTTINGHAM","Water","hep","promote_develop_export_capability","{}",,,,"Yorkshire and The Humber","https://www.lighthousejuniperi.example.com","false",,
"15 Queens Road","Unit 46","South Yorkshire","United Kingdom","EB5 8WE",,"NEWCASTLE","Company",40419829,2024-06-16,"Anonymised company record 37.",356022467,,,952442674,"ukhq","d0d9325b-8992-4b06-b233-fd5d61c9e9cb","2024-12-24 08:10:30","REDSTONE FOXGLOVE SYSTEMS",,"Tier D - International Trade Adviser Accounts","241 George Street",,"United Kingdom","South Yorkshire","RX9 7DY",,"MANCHESTER","Education and training : Educational technology","non-hep","promote_develop_export_capability","{}",,,,"Northern Ireland","https://www.redstonefoxglovesy.example.com","false",,
"35 High Street",,"West Midlands","United Kingdom","UM6 5XA",,"OXFORD","Company",44629892,2024-06-24,"Anonymised company record 38.",478278218,,,,"ukhq","56520d3c-71e0-45b7-9e69-2b7d86fb21f3","2025-03-19 13:07:45","ATLAS IRONCLAD GROUP",3811,"Tier D - International Trade Adviser Accounts","35 High Street",,"United Kingdom","West Midlands","UM6 5XA",,"OXFORD","Pharmaceuticals and biotechnology","non-hep","sustain_nurture_and_grow","{}",,,,"South West","https://www.atlasironcladgroup.example.com","false",,
"130 Station Road","Unit 13","Surrey","United Kingdom","YB6 5DZ",,"BELFAST","Company",92887860,2026-03-26,"Anonymised company record 39.",956084565,,,,"ukhq","45d6fbd8-4800-4953-9db9-eb4e8edcab1d","2026-12-29 17:14:09","COBALT OAK SYSTEMS",,"Tier C - FDI Sector Advisory Services Team Accounts","130 Station Road","Unit 13","United Kingdom","Lancashire","YB6 5DZ",,"BELFAST","Security","non-hep","promote_develop_export_capability","{}",,,,"North East","https://www.cobaltoaksystems.example.com","false",,
"141 Station Road",,"Surrey","United Kingdom","QZ3 1ET",,"LEICESTER","Company",76134287,2025-12-23,"Anonymised company record 40.",264752975,,,,"ukhq","b2064523-8b0d-44b6-b490-e7e16c466bc3","2026-11-02 15:50:08","SUMMIT LIGHTHOUSE SYSTEMS",,"Tier C - FDI Sector Advisory Services Team Accounts","141 Station Road",,"United Kingdom","Surrey","QZ3 1ET",,"LEICESTER","Sports economy : Sports infrastructure","non-hep","sustain_nurture_and_grow","{}",,,,"North West","https://www.summitlighthousesy.example.com","false",,
"229 Green Lane","Unit 19","Nottinghamshire","United Kingdom","DE2 8FW",,"OXFORD","Company",73819367,2025-06-20,"Anonymised company record 41.",422076028,,,,"ukhq","67455f59-5e5c-4dbd-b4df-a4e8175b25ea","2026-07-21 09:28:36","MARIGOLD FOXGLOVE SOLUTIONS",,"Tier C - FDI Sector Advisory Services Team Accounts","229 Green Lane",,"United Kingdom","Kent","DE2 8FW",,"OXFORD","Agriculture, horticulture, fisheries and pets","hep","sustain_nurture_and_grow","{}",,,,"East Midlands","https://www.marigoldfoxgloveso.example.com","false",,
"45 Main Street",,"Hampshire","United Kingdom","YN2 3KU",,"OXFORD","Company",,2026-08-15,"Anonymised company record 42.",233316990,,,,"ukhq","f9bc4807-7049-4705-a4a2-4ea684bf7327","2027-05-24 04:43:29","NIMBUS AURORA PARTNERS",1852,"Tier C - FDI Sector Advisory Services Team Accounts","45 Main Street",,"United Kingdom","Hampshire","RU3 3NQ",,"OXFORD","Financial and professional services : Capital markets : Venture capital","non-hep","sustain_nurture_and_grow","{}",,,,"East of England","https://www.nimbusaurorapartne.example.com","false",,
"298 Park Road",,"West Midlands","United Kingdom","AC1 5UG",,"NEWCASTLE","Company",21217198,2026-10-26,"Anonymised company record 43.",619960692,,,465278987,"ukhq","505f1309-0173-4671-961f-7aebcfc63567","2027-09-19 06:08:23","HARBOUR NORTHSTAR INTERNATIONAL",2620,"Tier D - International Trade Adviser Accounts","214 High Street",,"United Kingdom","West Midlands","PH7 5OC",,"NEWCASTLE","Security : Cyber security","hep","promote_develop_export_capability","{}",,,,"East Midlands","https://www.harbournorthstarin.example.com","false",,
"215 Manor Road","Unit 11","Kent","United Kingdom","GY3 8QO",,"NEWCASTLE","Company",87813295,2025-08-17,"Anonymised company record 44.",406819991,,,,"ukhq","e4f93272-e346-4725-b60e-cd6ab2d0d93c","2026-03-01 22:24:18","LIGHTHOUSE SILVERLINE GROUP",2171,"Tier C - FDI Sector Advisory Services Team Accounts","215 Manor Road",,"United Kingdom","Essex","GS6 1BJ",,"NEWCASTLE","Consumer and retail : Cosmetics and beauty","hep","promote_develop_export_capability","{}",,,,"North West","https://www.lighthousesilverli.example.com","false",,
"202 Mill Lane","Unit 22","South Yorkshire","United Kingdom","GT9 7QB",,"NOTTINGHAM","Company",69190008,2024-08-31,"Anonymised company record 45.",758276886,,,521931770,"ukhq","e27f6f7c-0ec0-4766-831b-c796f552a8be","2024-11-04 03:31:12","FOXGLOVE LIGHTHOUSE PARTNERS",4868,"Tier C - FDI Sector Advisory Services Team Accounts","202 Mill Lane",,"United Kingdom","South Yorkshire","GT9 7QB",,"NOTTINGHAM","Creative industries : Performing arts","non-hep","promote_develop_export_capability","{}",,,,"Wales","https://www.foxglovelighthouse.example.com","false",,
"136 Manor Road","Unit 38","Tyne and Wear","United Kingdom","QU7 3VH",,"OXFORD","Company",92677376,2024-02-24,"Anonymised company record 46.",638824588,,,,"ukhq","f05ea97d-1731-455c-835b-b67aee8dabff","2024-12-25 17:16:45","VERTEX IRONCLAD INTERNATIONAL",,"Tier C - FDI Sector Advisory Services Team Accounts","136 Manor Road","Unit 38","United Kingdom","Tyne and Wear","QU7 3VH",,"OXFORD","Security","non-hep","sustain_nurture_and_grow","{}",,,,"South West","https://www.vertexironcladinte.example.com","false",,
"286 Kingsway",,"Oxfordshire","United Kingdom","WG8 6PL",,"BELFAST","Company",,2025-01-28,"Anonymised company record 47.",470585534,,,,"ukhq","5def82ad-0820-4c51-ac83-e276f825a31d","2025-06-03 10:09:29","CRESCENT AURORA INDUSTRIES",652,"Tier C - FDI Sector Advisory Services Team Accounts","286 Kingsway","Suite 9","United Kingdom","Oxfordshire","WG8 6PL",,"BELFAST","Advanced engineering : Metals, minerals and materials","hep","sustain_nurture_and_grow","{}",,,,"Yorkshire and The Humber","https://www.crescentauroraindu.example.com","false",,
"272 Manor Road","Unit 4","Hampshire","United Kingdom","KW8 2VY",,"GLASGOW","Company",12007214,2025-05-05,"Anonymised company record 48.",349344539,,,,"ukhq","72421de9-3e34-481d-bcce-c1aad06161be","2025-09-06 01:50:53","EVERGREEN HARBOUR LIMITED",,"Tier D - International Trade Adviser Accounts","272 Manor Road","Unit 4","United Kingdom","Hampshire","PP4 5KJ",,"BRISTOL","Advanced engineering : Metals, minerals and materials","hep","promote_develop_export_capability","{}",,,,"Wales","https://www.evergreenharbourli.example.com","false",,
"233 The Avenue","Unit 9","Essex","United Kingdom","IG2 6FX",,"READING","Company",,2024-08-07,"Anonymised company record 49.",,,,,"ukhq","83def9ab-5142-4990-b2ed-98e9825c2267","2025-01-25 10:21:38","NORTHSTAR OAK LTD",,"Tier D - International Trade Adviser Accounts","233 The Avenue",,"United Kingdom","Essex","SV4 3TU",,"READING","Security","hep","promote_develop_export_capability","{}",,,,"Wales","https://www.northstaroakltd.example.com","false",,
"239 Kingsway",,"Oxfordshire","United Kingdom","WD5 6TH",,"READING","Company",73717007,2025-04-28,"Anonymised company record 50.",,,,,"ukhq","f37f8330-3af3-4dc1-b16c-3a99cdf380f4","2025-05-29 04:18:15","ATLAS NIMBUS INDUSTRIES",,"Tier C - FDI Sector Advisory Services Team Accounts","239 Kingsway",,"United Kingdom","Oxfordshire","WD5 6TH",,"READING","Technology and smart cities : Hardware : Sensors","hep","sustain_nurture_and_grow","{}",,,,"East of England","https://www.atlasnimbusindustr.example.com","false",,
"299 The Avenue",,"Essex","United Kingdom","ZB8 3QN",,"READING","Company",,2026-06-23,"Anonymised company record 51.",720956992,,,554941605,"ukhq","c635f2eb-c1c9-42c3-b178-8dd3ea8cf91d","2026-08-21 07:28:42","CRESCENT HARBOUR GROUP",,"Tier C - FDI Sector Advisory Services Team Accounts","299 The Avenue",,"United Kingdom","Greater Manchester","ZB8 3QN",,"READING","Automotive","hep","sustain_nurture_and_grow","{}",,,,"North East","https://www.crescentharbourgro.example.com","false",,
"69 Mill Lane",,"South Yorkshire","United Kingdom","XH1 1JO",,"LEICESTER","Company",25297417,2026-02-08,"Anonymised company record 52.",,,,,"ukhq","255b5745-f85d-440f-a623-7e8a0b6faf39","2026-03-21 19:38:07","IRONCLAD AURORA SOLUTIONS",,"Tier D - International Trade Adviser Accounts","69 Mill Lane",,"United Kingdom","Leicestershire","XH1 1JO",,"LEICESTER","Sports economy : Sports infrastructure","non-hep","sustain_nurture_and_grow","{}",,,,"Northern Ireland","https://www.ironcladaurorasolu.example.com","false",,
"120 Queens Road",,"Leicestershire","United Kingdom","JE9 4NJ",,"NEWCASTLE","Company",74605013,2024-10-13,"Anonymised company record 53.",469812603,,,,"ukhq","2a69f34c-c787-45d7-af11-d36a199324f1","2025-06-27 10:31:54","LIGHTHOUSE SILVERLINE PARTNERS",2616,"Tier C - FDI Sector Advisory Services Team Accounts","120 Queens Road",,"United Kingdom","Leicestershire","JE9 4NJ",,"NEWCASTLE","Defence","non-hep","sustain_nurture_and_grow","{}",,,,"North West","https://www.lighthousesilverli.example.com","false",,
"69 New Road",,"Kent","United Kingdom","UC8 6CR",,"LIVERPOOL","Company",,2026-05-03,"Anonymised company record 54.",116464447,,,304036387,"ukhq","c3325943-b1b2-423f-a525-b391b4998eb9","2027-02-12 19:17:47","HARBOUR LIGHTHOUSE LTD",,"Tier D - International Trade Adviser Accounts","98 Station Road",,"United Kingdom","Kent","GZ9 4PG",,"LIVERPOOL","Agriculture, horticulture, fisheries and pets","hep","promote_develop_export_capability","{}",,,,"Northern Ireland","https://www.harbourlighthousel.example.com","false",,
"241 Queens Road","Unit 24","Hampshire","United Kingdom","BS4 3AI",,"NEWCASTLE","Company",76475853,2026-10-15,"Anonymised company record 55.",,,,802879944,"ukhq","cd30c64a-9d8b-4a99-bb5a-ce416220c347","2027-06-10 03:35:24","AURORA NORTHSTAR INDUSTRIES",4007,"Tier C - FDI Sector Advisory Services Team Accounts","241 Queens Road",,"United Kingdom","Hampshire","BS4 3AI",,"NEWCASTLE","Environment : Waste management and recycling","non-hep","sustain_nurture_and_grow","{}",,,,"North East","https://www.auroranorthstarind.example.com","false",,
"212 Park Road","Unit 15","South Yorkshire","United Kingdom","AG9 8LB",,"LEEDS","Company",74040345,2024-04-09,"Anonymised company record 56.",117959560,,,,"ukhq","7da0bc54-c76f-4752-ada0-8443b738f92d","2025-05-05 00:13:56","OAK FOXGLOVE LTD",,"Tier C - FDI Sector Advisory Services Team Accounts","212 Park Road",,"United Kingdom","South Yorkshire","AG9 8LB",,"LEEDS","Technology and smart cities","hep","sustain_nurture_and_grow","{}",,,,"South West","https://www.oakfoxgloveltd.example.com","false",,
"192 New Road",,"Leicestershire","United Kingdom","JV2 1CM",,"SHEFFIELD","Company",58238367,2025-07-01,"Anonymised company record 57.",455699119,,,,"ukhq","a1ad7efc-5f31-4713-98ca-0c25f45ba0d6","2026-01-20 02:52:37","COBALT JUNIPER PARTNERS",,"Tier C - FDI Sector Advisory Services Team Accounts","192 New Road",,"United Kingdom","Leicestershire","JV2 1CM",,"SHEFFIELD","Energy : Renewable energy","hep","promote_develop_export_capability","{}",,,,"East of England","https://www.cobaltjuniperpartn.example.com","false",,
"40 Kingsway",,"Lancashire","United Kingdom","VR6 7YX",,"SHEFFIELD","Company",10202996,2024-10-22,"Anonymised company record 58.",925713533,,,,"ukhq","ce427bc5-92c3-4c30-be61-0a953eff0422","2025-11-11 14:30:05","SUMMIT BLUEFIN LTD",,"Tier C - FDI Sector Advisory Services Team Accounts","40 Kingsway","Suite 3","United Kingdom","West Midlands","VR6 7YX",,"SHEFFIELD","Defence","non-hep","promote_develop_export_capability","{}",,,,"Wales","https://www.summitbluefinltd.example.com","false",,
"152 Manor Road","Unit 6","South Yorkshire","United Kingdom","MW3 7KL",,"CARDIFF","Company",25151299,2026-02-17,"Anonymised company record 59.",698058121,,,,"ukhq","8e5ce3eb-2d8c-4463-b531-c4c192b3588f","2026-04-01 22:31:23","REDSTONE IRONCLAD GROUP",,"Tier C - FDI Sector Advisory Services Team Accounts","152 Manor Road",,"United Kingdom","South Yorkshire","MW3 7KL",,"CARDIFF","Creative industries : Digital services","hep","promote_develop_export_capability","{}",,,,"Wales","https://www.redstoneironcladgr.example.com","false",,
"138 Kingsway",,"West Yorkshire","United Kingdom","FN5 7JP",,"EDINBURGH","Company",53108878,2026-02-18,"Anonymised company record 60.",765926290,,,453842723,"ukhq","6d0bfeed-e4ce-4aff-919a-df23532e166d","2026-05-15 05:03:18","CRESCENT SILVERLINE INTERNATIONAL",,"Tier D - International Trade Adviser Accounts","185 London Road","Suite 16","United Kingdom","West Yorkshire","FN5 7JP",,"EDINBURGH","Technology and smart cities : Software : Software as a service","hep","promote_develop_export_capability","{}",,,,"South East","https://www.crescentsilverline.example.com","false",,
"59 Green Lane",,"Greater Manchester","United Kingdom","XO4 8ZJ",,"BRISTOL","Company",56791272,2025-07-28,"Anonymised company record 61.",179419456,,,742026586,"ukhq","57876db6-5f64-4521-91f3-f194bec65bf9","2026-02-14 13:17:23","MARIGOLD ATLAS HOLDINGS",4155,"Tier C - FDI Sector Advisory Services Team Accounts","36 York Road",,"United Kingdom","Greater Manchester","XO4 8ZJ",,"BRISTOL","Automotive","hep","sustain_nurture_and_grow","{}",,,,"Northern Ireland","https://www.marigoldatlasholdi.example.com","false",,
"221 Church Lane",,"Leicestershire","United Kingdom","QX9 9SW",,"CARDIFF","Company",46300738,2026-03-29,"Anonymised company record 62.",,,,417217932,"ukhq","48118006-bb99-4c5d-a80a-8c26f763ef4e","2027-04-18 12:04:23","SUMMIT JUNIPER LTD",1165,"Tier C - FDI Sector Advisory Services Team Accounts","221 Church Lane",,"United Kingdom","Leicestershire","QX9 9SW",,"CARDIFF","Financial and professional services : Capital markets : Venture capital","non-hep","promote_develop_export_capability","{}",,,,"South West","https://www.summitjuniperltd.example.com","false",,
"56 Victoria Road","Unit 48","Tyne and Wear","United Kingdom","RF6 9NO",,"SHEFFIELD","Company",82424037,2024-08-23,"Anonymised company record 63.",,,,561228852,"ukhq","f61e32b1-e625-470c-b7c8-f296184b320c","2024-09-03 12:29:27","LIGHTHOUSE BLUEFIN LIMITED",1690,"Tier D - International Trade Adviser Accounts","56 Victoria Road",,"United Kingdom","Tyne and Wear","RF6 9NO",,"SHEFFIELD","Security","hep","promote_develop_export_capability","{}",,,,"North West","https://www.lighthousebluefinl.example.com","false",,
"59 Mill Lane",,"Tyne and Wear","United Kingdom","VW5 2VE",,"CAMBRIDGE","Company",80050918,2026-03-06,"Anonymised company record 64.",512005439,,,622558165,"ukhq","ba71f8d5-d0ba-4de5-ac5e-bf53fb1df7e1","2027-01-12 14:17:31","EVERGREEN MARIGOLD PARTNERS",,"Tier D - International Trade Adviser Accounts","59 Mill Lane",,"United Kingdom","Tyne and Wear","VW5 2VE",,"CAMBRIDGE","Maritime : Marine engineering : Ports and terminals","non-hep","sustain_nurture_and_grow","{}",,,,"East of England","https://www.evergreenmarigoldp.example.com","false",,
"213 George Street",,"Greater Manchester","United Kingdom","ZY4 5BI",,"LEEDS","Company",72894477,2026-10-10,"Anonymised company record 65.",,,,983271755,"ukhq","6e0786f1-5308-4df0-861f-acaa0aef2041","2027-05-07 17:54:11","COBALT REDSTONE PARTNERS",1795,"Tier D - International Trade Adviser Accounts","213 George Street",,"United Kingdom","Greater Manchester","PR9 2SD",,"LEEDS","Financial and professional services","hep","promote_develop_export_capability","{}",,,,"South West","https://www.cobaltredstonepart.example.com","false",,
"220 Victoria Road","Unit 14","West Midlands","United Kingdom","SL9 5TR",,"LIVERPOOL","Company",7957216,2025-12-19,"Anonymised company record 66.",,,,,"ukhq","14ec2485-0eb0-4e36-ab0c-690c67bea74d","2026-12-17 22:13:08","PIONEER LIGHTHOUSE LIMITED",,"Tier D - International Trade Adviser Accounts","220 Victoria Road","Unit 14","United Kingdom","West Midlands","QV2 3YZ",,"LIVERPOOL","Education and training : Educational technology","non-hep","promote_develop_export_capability","{}",,,,"London","https://www.pioneerlighthousel.example.com","false",,
"143 Mill Lane",,"Kent","United Kingdom","SA2 8UV",,"OXFORD","Company",38063218,2024-07-09,"Anonymised company record 67.",720551525,,,621127607,"ukhq","1935fe20-1de8-4ac5-8c7a-d9ae5be7b019","2025-01-31 18:46:22","IRONCLAD REDSTONE TRADING",,"Tier C - FDI Sector Advisory Services Team Accounts","143 Mill Lane","Suite 18","United Kingdom","Nottinghamshire","SA2 8UV",,"OXFORD","Technology and smart cities","hep","promote_develop_export_capability","{}",,,,"South West","https://www.ironcladredstonetr.example.com","false",,
"185 London Road",,"West Midlands","United Kingdom","MU5 4NU",,"BRISTOL","Company",59735865,2024-11-21,"Anonymised company record 68.",846891707,,,229486590,"ukhq","f935536e-35fe-48f1-b867-fd0017b17ebb","2025-04-10 03:23:54","IRONCLAD COBALT GROUP",,"Tier D - International Trade Adviser Accounts","185 London Road",,"United Kingdom","West Midlands","MU5 4NU",,"BRISTOL","Technology and smart cities : Hardware : Sensors","non-hep","sustain_nurture_and_grow","{}",,,,"West Midlands","https://www.ironcladcobaltgrou.example.com","false",,
"85 George Street",,"South Yorkshire","United Kingdom","NT8 4CD",,"LIVERPOOL","Company",33257324,2024-01-18,"Anonymised company record 69.",190461372,,,745317824,"ukhq","d0069bfe-8008-4640-aab8-34cac8fc01c9","2024-11-25 23:39:59","HARBOUR HARBOUR LIMITED",224,"Tier D - International Trade Adviser Accounts","85 George Street",,"United Kingdom","South Yorkshire","NT8 4CD",,"LIVERPOOL","Technology and smart cities : Software : Software as a service","non-hep","sustain_nurture_and_grow","{}",,,,"Wales","https://www.harbourharbourlimi.example.com","false",,
"185 Queens Road",,"Surrey","United Kingdom","RV3 8YC",,"BRIGHTON","Company",67996124,2024-05-25,"Anonymised company record 70.",865179645,,,,"ukhq","cd4e4e79-a06b-4607-9183-067b819a7493","2025-02-19 00:26:21","MARIGOLD REDSTONE LIMITED",,"Tier C - FDI Sector Advisory Services Team Accounts","185 Queens Road",,"United Kingdom","Surrey","RV3 8YC",,"BRIGHTON","Education and training : Educational technology","hep","promote_develop_export_capability","{}",,,,"Yorkshire and The Humber","https://www.marigoldredstoneli.example.com","false",,
"223 Church Lane",,"Oxfordshire","United Kingdom","VX3 2AW",,"BIRMINGHAM","Company",,2024-04-28,"Anonymised company record 71.",499291766,,,938725480,"ukhq","005ba395-7bbb-4ad4-b490-755c4c96f1ba","2024-08-31 03:08:20","PIONEER NORTHSTAR SOLUTIONS",245,"Tier C - FDI Sector Advisory Services Team Accounts","223 Church Lane",,"United Kingdom","Oxfordshire","VX3 2AW",,"BIRMINGHAM","Water : Water management","non-hep","sustain_nurture_and_grow","{}",,,,"London","https://www.pioneernorthstarso.example.com","false",,
"294 Church Lane",,"Greater Manchester","United Kingdom","BA4 1PL",,"READING","Company",96675408,2024-11-18,"Anonymised company record 72.",986907524,,,500299721,"ukhq","26ca4693-d545-4836-8bcf-0cf2c87d40f7","2025-03-28 03:44:47","OAK MARIGOLD INTERNATIONAL",,"Tier D - International Trade Adviser Accounts","294 Church Lane",,"United Kingdom","Greater Manchester","XU7 4KH",,"BIRMINGHAM","Technology and smart cities : Software","hep","promote_develop_export_capability","{}",,,,"East of England","https://www.oakmarigoldinterna.example.com","false",,
"289 Kingsway","Unit 16","Surrey","United Kingdom","SP4 9YZ",,"CAMBRIDGE","Company",,2026-01-25,"Anonymised company record 73.",,,,,"ukhq","0fafddda-9958-4140-b1b9-bf65b7b962d9","2026-05-07 10:36:59","BLUEFIN PIONEER PARTNERS",,"Tier D - International Trade Adviser Accounts","289 Kingsway",,"United Kingdom","Surrey","SP4 9YZ",,"CAMBRIDGE","Consumer and retail : Leisure and tourism","hep","sustain_nurture_and_grow","{}",,,,"North West","https://www.bluefinpioneerpart.example.com","false",,
"298 Church Lane",,"West Yorkshire","United Kingdom","SS1 7VE",,"LEICESTER","Company",10024377,2026-07-27,"Anonymised company record 74.",,,,926938633,"ukhq","183085c3-f0af-4e20-a025-bdc5402498ba","2027-08-13 03:05:28","SILVERLINE FOXGLOVE SOLUTIONS",1351,"Tier C - FDI Sector Advisory Services Team Accounts","298 Church Lane",,"United Kingdom","Kent","SS1 7VE",,"LEICESTER","Medical devices and equipment","hep","promote_develop_export_capability","{}",,,,"East of England","https://www.silverlinefoxglove.example.com","false",,
"76 Main Street","Unit 23","West Midlands","United Kingdom","VJ5 3AM",,"LEICESTER","Company",29835008,2024-03-23,"Anonymised company record 75.",984412594,,,836893185,"ukhq","2bb6aadd-f3bb-417f-8aa8-da97841d5074","2024-07-11 11:56:04","VERTEX PIONEER GROUP",4806,"Tier D - International Trade Adviser Accounts","285 Manor Road",,"United Kingdom","West Midlands","VJ5 3AM",,"LEICESTER","Creative industries : Digital services","hep","promote_develop_export_capability","{}",,,,"West Midlands","https://www.vertexpioneergroup.example.com","false",,
"203 The Avenue",,"Tyne and Wear","United Kingdom","LG3 5IO",,"BRIGHTON","Company",18419506,2024-12-10,"Anonymised company record 76.",790042893,,,,"ukhq","216f51f1-598d-49fc-9220-1e0e43bb953e","2025-09-29 15:46:14","BLUEFIN VERTEX LTD",,"Tier C - FDI Sector Advisory Services Team Accounts","18 Manor Road",,"United Kingdom","Berkshire","LG3 5IO",,"BRIGHTON","Consumer and retail : Leisure and tourism","non-hep","promote_develop_export_capability","{}",,,,"North West","https://www.bluefinvertexltd.example.com","false",,
"30 The Avenue",,"Tyne and Wear","United Kingdom","DH4 5RZ",,"SHEFFIELD","Company",79398174,2025-03-24,"Anonymised company record 77.",852221438,,,709511014,"ukhq","812862d4-efaa-4f21-8203-139cf7f7c92e","2025-04-08 10:13:42","EVERGREEN SUMMIT LTD",1547,"Tier D - International Trade Adviser Accounts","29 Manor Road",,"United Kingdom","Tyne and Wear","FF4 6ZX",,"LEICESTER","Automotive","hep","sustain_nurture_and_grow","{}",,,,"Wales","https://www.evergreensummitltd.example.com","false",,
"91 Queens Road",,"South Yorkshire","United Kingdom","YD9 6CL",,"EDINBURGH","Company",82370625,2025-02-16,"Anonymised company record 78.",339699130,,,,"ukhq","5c7469d1-2ff1-4f73-8b14-cd093188880d","2025-04-23 12:24:23","FOXGLOVE MARIGOLD LTD",,"Tier D - International Trade Adviser Accounts","203 Church Lane",,"United Kingdom","Hampshire","PU6 3WR",,"EDINBURGH","Advanced engineering : Mechanical, electrical and process engineering","non-hep","sustain_nurture_and_grow","{}",,,,"Wales","https://www.foxglovemarigoldlt.example.com","false",,
"122 Mill Lane","Unit 11","Kent","United Kingdom","OA5 4HW",,"LEEDS","Company",22325567,2024-10-15,"Anonymised company record 79.",,,,506639535,"ukhq","be640ecc-6340-4559-9cb0-3ec3a3e613a3","2025-04-02 02:49:58","JUNIPER SILVERLINE INTERNATIONAL",,"Tier D - International Trade Adviser Accounts","122 Mill Lane",,"United Kingdom","Kent","OA5 4HW",,"LEEDS","Consumer and retail : Cosmetics and beauty","hep","promote_develop_export_capability","{}",,,,"Yorkshire and The Humber","https://www.junipersilverlinei.example.com","false",,
"281 Main Street",,"Greater Manchester","United Kingdom","NU3 7FB",,"OXFORD","Company",52734442,2024-11-25,"Anonymised company record 80.",627151698,,,487437109,"ukhq","c8c49edc-19bd-4442-8df6-7e397688e5bf","2025-12-04 02:43:50","VERTEX PIONEER SYSTEMS",4921,"Tier D - International Trade Adviser Accounts","281 Main Street",,"United Kingdom","Greater Manchester","XR5 5JH",,"OXFORD","Technology and smart cities : Software","non-hep","sustain_nurture_and_grow","{}",,,,"Northern Ireland","https://www.vertexpioneersyste.example.com","false",,
"199 Victoria Road",,"Surrey","United Kingdom","FO1 5OO",,"LEICESTER","Company",46142898,2024-07-05,"Anonymised company record 81.",,,,912239392,"ukhq","431fbef2-bf7a-4693-a55a-27365d93bd79","2025-05-29 19:48:39","REDSTONE MARIGOLD TRADING",3176,"Tier C - FDI Sector Advisory Services Team Accounts","199 Victoria Road","Suite 19","United Kingdom","Surrey","FO1 5OO",,"LEICESTER","Pharmaceuticals and biotechnology","hep","promote_develop_export_capability","{}",,,,"West Midlands","https://www.redstonemarigoldtr.example.com","false",,
"89 Victoria Road","Unit 13","West Midlands","United Kingdom","NC7 4UE",,"EDINBURGH","Company",37071046,2024-10-28,"Anonymised company record 82.",113275526,,,,"ukhq","3f8d3958-882f-495c-99da-e0d6c6a7150d","2024-12-28 16:20:56","OAK FOXGLOVE INTERNATIONAL",,"Tier D - International Trade Adviser Accounts","133 Queens Road","Unit 13","United Kingdom","West Midlands","NC7 4UE",,"LEEDS","Technology and smart cities : Software : Software as a service","hep","sustain_nurture_and_grow","{}",,,,"Wales","https://www.oakfoxgloveinterna.example.com","false",,
"293 The Avenue",,"Lancashire","United Kingdom","ET7 1MK",,"CARDIFF","Company",40675347,2026-02-23,"Anonymised company record 83.",627872109,,,,"ukhq","c5dcdf77-46ae-47b5-9c02-6b018885f4d2","2027-01-24 17:40:46","NORTHSTAR CRESCENT SYSTEMS",,"Tier C - FDI Sector Advisory Services Team Accounts","293 The Avenue",,"United Kingdom","Lancashire","ET7 1MK",,"CARDIFF","Energy","non-hep","promote_develop_export_capability","{}",,,,"West Midlands","https://www.northstarcrescents.example.com","false",,
"192 Station Road",,"West Yorkshire","United Kingdom","JW9 7EY",,"BRISTOL","Company",48368724,2026-09-19,"Anonymised company record 84.",394181098,,,598450776,"ukhq","2d5b5eee-4c22-4c7b-8231-de892c0d19fc","2027-10-12 18:48:18","PIONEER COBALT TRADING",,"Tier C - FDI Sector Advisory Services Team Accounts","292 High Street",,"United Kingdom","Leicestershire","JW9 7EY",,"LIVERPOOL","Defence","hep","promote_develop_export_capability","{}",,,,"Northern Ireland","https://www.pioneercobalttradi.example.com","false",,
"293 Green Lane","Unit 42","Nottinghamshire","United Kingdom","IU7 9AY",,"SHEFFIELD","Company",40998106,2026-03-02,"Anonymised company record 85.",861678303,,,,"ukhq","d59399d7-7434-45f9-a588-5cce8fe9ab2f","2026-03-27 05:55:52","SUMMIT EVERGREEN LIMITED",3765,"Tier C - FDI Sector Advisory Services Team Accounts","5 The Avenue","Unit 42","United Kingdom","Nottinghamshire","IU7 9AY",,"SHEFFIELD","Advanced engineering","non-hep","sustain_nurture_and_grow","{}",,,,"North West","https://www.summitevergreenlim.example.com","false",,
"247 Main Street",,"Kent","United Kingdom","II5 4EQ",,"CARDIFF","Company",,2025-09-03,"Anonymised company record 86.",549431487,,,891060070,"ukhq","c449d886-c38c-429a-b89d-9b0cef6b154d","2026-08-19 03:56:09","AURORA CRESCENT INTERNATIONAL",,"Tier D - International Trade Adviser Accounts","30 New Road",,"United Kingdom","Kent","II5 4EQ",,"CARDIFF","Automotive : Manufacturing and assembly : Cars","non-hep","promote_develop_export_capability","{}",,,,"West Midlands","https://www.auroracrescentinte.example.com","false",,
"287 Victoria Road","Unit 22","Leicestershire","United Kingdom","LH5 7ZK",,"LEEDS","Company",77888306,2024-09-19,"Anonymised company record 87.",,,,308889819,"ukhq","67dd7fb3-ec73-4c2b-a18a-a2847cd98f40","2025-10-03 09:25:02","CRESCENT SUMMIT INDUSTRIES",3131,"Tier D - International Trade Adviser Accounts","287 Victoria Road",,"United Kingdom","Leicestershire","LH5 7ZK",,"LEEDS","Consumer and retail : Cosmetics and beauty","non-hep","promote_develop_export_capability","{}",,,,"Yorkshire and The Humber","https://www.crescentsummitindu.example.com","false",,
"30 High Street",,"Tyne and Wear","United Kingdom","SY3 8ZY",,"LIVERPOOL","Company",98067400,2024-12-28,"Anonymised company record 88.",115115189,,,,"ukhq","53eaa8ec-749b-4d68-969b-a424f5a78c12","2025-06-06 23:06:05","SUMMIT PIONEER TRADING",,"Tier C - FDI Sector Advisory Services Team Accounts","67 York Road",,"United Kingdom","Lancashire","SY3 8ZY",,"LIVERPOOL","Advanced engineering : Mechanical, electrical and process engineering","hep","promote_develop_export_capability","{}",,,,"South West","https://www.summitpioneertradi.example.com","false",,
"173 York Road","Unit 9","Berkshire","United Kingdom","LY4 3ZM",,"NEWCASTLE","Company",49203071,2026-12-01,"Anonymised company record 89.",950540063,,,787539531,"ukhq","401938a8-2367-4e08-bc1f-0b22cb98041b","2027-10-02 19:04:57","PIONEER OAK INDUSTRIES",,"Tier D - International Trade Adviser Accounts","173 York Road",,"United Kingdom","Berkshire","LY4 3ZM",,"LIVERPOOL","Advanced engineering","non-hep","promote_develop_export_capability","{}",,,,"Yorkshire and The Humber","https://www.pioneeroakindustri.example.com","false",,
"52 London Road","Unit 45","Hampshire","United Kingdom","DQ2 5DZ",,"EDINBURGH","Company",94413682,2024-01-20,"Anonymised company record 90.",272199842,,,632956813,"ukhq","b02ad3be-0fa8-4676-bc90-b2178a4ef603","2024-06-22 15:19:24","MARIGOLD HARBOUR HOLDINGS",,"Tier D - International Trade Adviser Accounts","52 London Road",,"United Kingdom","Hampshire","DQ2 5DZ",,"EDINBURGH","Medical devices and equipment","hep","promote_develop_export_capability","{}",,,,"South West","https://www.marigoldharbourhol.example.com","false",,
"136 George Street",,"West Midlands","United Kingdom","JL6 7XD",,"BRISTOL","Company",58749047,2025-04-18,"Anonymised company record 91.",,,,887125715,"ukhq","8a61a99c-028e-43d8-9400-c16eac6aaf02","2025-12-07 10:46:40","FOXGLOVE PIONEER LIMITED",,"Tier C - FDI Sector Advisory Services Team Accounts","136 George Street","Suite 2","United Kingdom","West Midlands","JL6 7XD",,"BRISTOL","Energy : Renewable energy","non-hep","promote_develop_export_capability","{}",,,,"South West","https://www.foxglovepioneerlim.example.com","false",,
"248 George Street",,"Surrey","United Kingdom","TA3 8PD",,"LEICESTER","Company",82978636,2024-11-22,"Anonymised company record 92.",810509206,,,,"ukhq","7385f9b7-986f-4744-b661-45184bff534f","2025-01-14 15:08:49","SUMMIT VERTEX GROUP",,"Tier D - International Trade Adviser Accounts","226 Station Road",,"United Kingdom","Surrey","QY4 6QQ",,"LEICESTER","Medical devices and equipment","non-hep","promote_develop_export_capability","{}",,,,"North West","https://www.summitvertexgroup.example.com","false",,
"194 New Road","Unit 6","Essex","United Kingdom","ZS8 2PO",,"CAMBRIDGE","Company",73698792,2026-11-04,"Anonymised company record 93.",197598351,,,,"ukhq","fc9b694f-a331-4188-b1c8-66c55d28f4af","2027-02-26 20:02:34","BLUEFIN SILVERLINE SYSTEMS",,"Tier C - FDI Sector Advisory Services Team Accounts","194 New Road","Unit 6","United Kingdom","Essex","ZS8 2PO",,"CAMBRIDGE","Creative industries : Performing arts","non-hep","sustain_nurture_and_grow","{}",,,,"North West","https://www.bluefinsilverlines.example.com","false",,
"59 Church Lane","Unit 15","Kent","United Kingdom","LU5 9QL",,"MANCHESTER","Company",52733674,2026-01-14,"Anonymised company record 94.",985358270,,,,"ukhq","1cfead0f-5d9c-46e5-999d-b47004d5627a","2027-01-15 16:28:34","JUNIPER JUNIPER TRADING",,"Tier D - International Trade Adviser Accounts","24 Victoria Road",,"United Kingdom","Kent","LU5 9QL",,"BRIGHTON","Energy : Civil nuclear","non-hep","promote_develop_export_capability","{}",,,,"South West","https://www.juniperjunipertrad.example.com","false",,
"261 Victoria Road","Unit 12","Merseyside","United Kingdom","MV6 9MN",,"EDINBURGH","Company",,2026-06-05,"Anonymised company record 95.",694403676,,,,"ukhq","dfed235a-54f9-4b7f-ab9e-9a4abdfaac45","2027-03-31 17:34:58","HARBOUR MARIGOLD LTD",2385,"Tier D - International Trade Adviser Accounts","128 London Road",,"United Kingdom","Merseyside","EN9 5WR",,"EDINBURGH","Technology and smart cities : Software : Software as a service","hep","promote_develop_export_capability","{}",,,,"North West","https://www.harbourmarigoldltd.example.com","false",,
"7 Church Lane",,"West Midlands","United Kingdom","VB4 5YZ",,"EDINBURGH","Company",48141541,2026-12-29,"Anonymised company record 96.",,,,825340529,"ukhq","094d02f0-b671-4745-bdc9-72c7eef973df","2027-05-24 15:22:43","MARIGOLD ATLAS INTERNATIONAL",4602,"Tier C - FDI Sector Advisory Services Team Accounts","7 Church Lane",,"United Kingdom","Oxfordshire","VB4 5YZ",,"EDINBURGH","Pharmaceuticals and biotechnology","hep","promote_develop_export_capability","{}",,,,"Northern Ireland","https://www.marigoldatlasinter.example.com","false",,
"116 Mill Lane","Unit 35","Nottinghamshire","United Kingdom","JO3 2FF",,"LIVERPOOL","Company",,2025-02-19,"Anonymised company record 97.",600719456,,,,"ukhq","9cc2a7a2-e5c1-4d38-a74e-1ab8b281bb56","2026-01-02 16:07:53","BLUEFIN CRESCENT LTD",,"Tier C - FDI Sector Advisory Services Team Accounts","62 New Road",,"United Kingdom","Nottinghamshire","JO3 2FF",,"LIVERPOOL","Chemicals","non-hep","sustain_nurture_and_grow","{}",,,,"West Midlands","https://www.bluefincrescentltd.example.com","false",,
"207 Main Street",,"Kent","United Kingdom","KL5 4YT",,"LIVERPOOL","Company",83366885,2026-05-01,"Anonymised company record 98.",142817871,,,,"ukhq","438ebb7a-47af-422b-9c74-3a1ccb805fe4","2027-02-03 19:33:10","SUMMIT FOXGLOVE LIMITED",,"Tier C - FDI Sector Advisory Services Team Accounts","207 Main Street","Suite 1","United Kingdom","Kent","KL5 4YT",,"LIVERPOOL","Financial and professional services","non-hep","sustain_nurture_and_grow","{}",,,,"South East","https://www.summitfoxglovelimi.example.com","false",,
"165 Main Street","Unit 11","West Yorkshire","United Kingdom","GV4 7DG",,"MANCHESTER","Company",11746856,2025-08-30,"Anonymised company record 99.",291117627,,,,"ukhq","2263eda6-6ec4-4f65-a221-3dbd8f3edc29","2026-07-29 07:00:32","FOXGLOVE FOXGLOVE TRADING",1869,"Tier C - FDI Sector Advisory Services Team Accounts","165 Main Street","Unit 11","United Kingdom","West Yorkshire","XV3 1OW",,"BRIGHTON","Food and drink","non-hep","promote_develop_export_capability","{}",,,,"North West","https://www.foxglovefoxglovetr.example.com","false",,
"184 Church Lane",,"West Yorkshire","United Kingdom","JY8 7MV",,"BELFAST","Company",,2024-04-03,"Anonymised company record 100.",111972445,,,,"ukhq","32c043b0-f39d-4a43-9571-95dee9e4aa45","2025-03-27 02:38:34","CRESCENT NIMBUS INTERNATIONAL",46,"Tier D - International Trade Adviser Accounts","184 Church Lane",,"United Kingdom","West Yorkshire","RJ3 5VZ",,"BELFAST","Technology and smart cities","non-hep","sustain_nurture_and_grow","{}",,,,"Wales","https://www.crescentnimbusinte.example.com","false",,
